{"branches": 81.33333333333333, "coverage": 81.65210484511518}