{"branches": 72.14611872146118, "coverage": 83.67751060820368}