{"branches": 92.61083743842364, "coverage": 97.31701285855588}