{"branches": 60.99585062240664, "coverage": 66.60789067665858}