{"branches": 81.35593220338984, "coverage": 85.77712609970675}