{"branches": 76.51515151515152, "coverage": 89.4027954256671}