{"branches": 90.12345679012346, "coverage": 92.60416666666667}