{"branches": 80.8080808080808, "coverage": 91.71060957603882}