{"branches": 81.53846153846153, "coverage": 90.08264462809917}