{"branches": 85.33333333333334, "coverage": 87.13264495631454}