{"branches": 90.09146341463415, "coverage": 94.34395635946024}