{"branches": 86.66666666666667, "coverage": 87.24409448818898}