{"branches": 79.96632996632997, "coverage": 91.66842438304155}