{"branches": 78.64583333333334, "coverage": 90.79790331974374}