{"branches": 73.16176470588235, "coverage": 74.40385591070523}