{"branches": 92.61083743842364, "coverage": 97.3176761433869}