{"branches": 85.1063829787234, "coverage": 92.26993865030676}