{"branches": 83.1081081081081, "coverage": 93.72797744890768}