{"branches": 82.2429906542056, "coverage": 89.90680150703946}