{"branches": 92.64705882352942, "coverage": 97.40403543307087}