{"branches": 93.46733668341709, "coverage": 96.64407873507584}
