{"branches": 82.5503355704698, "coverage": 92.97109826589596}