{"branches": 78.44827586206897, "coverage": 86.2855138547878}