{"branches": 87.84246575342466, "coverage": 93.62288135593221}