{"branches": 70.09345794392523, "coverage": 88.2545752526632}