{"branches": 90.80459770114942, "coverage": 93.79139072847681}