{"branches": 54.310344827586206, "coverage": 65.43388429752066}