{"branches": 89.23076923076924, "coverage": 93.01868239921338}