{"branches": 67.54285714285714, "coverage": 73.93130343482825}