{"branches": 86.6554054054054, "coverage": 93.55452240067625}