{"branches": 85.66176470588235, "coverage": 94.10288582183188}