{"branches": 77.31092436974791, "coverage": 91.268758526603}