{"branches": 90.84745762711864, "coverage": 94.3725203591564}