{"branches": 77.48917748917748, "coverage": 89.9365628604383}