{"branches": 52.87356321839081, "coverage": 63.946280991735534}