{"branches": 87.20930232558139, "coverage": 89.57675300063171}