{"branches": 87.84246575342466, "coverage": 93.6763925729443}