{"branches": 88.37209302325581, "coverage": 91.72501591343094}