{"branches": 92.61083743842364, "coverage": 97.39184177997528}