{"branches": 76.51515151515152, "coverage": 89.40817881635763}