{"branches": 92.7860696517413, "coverage": 96.85427910562836}