{"branches": 68.08510638297872, "coverage": 80.07747648035418}