{"branches": 78.64693446088795, "coverage": 91.98080877313228}