{"branches": 76.51515151515152, "coverage": 86.71577343154686}