{"branches": 83.56164383561644, "coverage": 82.24000000000001}