{"branches": 59.62732919254658, "coverage": 78.78567972907595}