{"branches": 81.23076923076923, "coverage": 90.00983284169125}