{"branches": 81.93146417445483, "coverage": 89.18249380677126}