{"branches": 93.71859296482413, "coverage": 96.61264181523501}