{"branches": 81.89655172413794, "coverage": 90.67035245335177}