{"branches": 87.73584905660378, "coverage": 93.9377085650723}