{"branches": 79.41176470588235, "coverage": 85.69254185692542}