{"branches": 80.51470588235294, "coverage": 89.42161339421614}