{"branches": 78.44827586206897, "coverage": 85.124826629681}