{"branches": 77.29257641921397, "coverage": 89.61618565903005}