{"branches": 92.10526315789474, "coverage": 85.61643835616438}