{"branches": 86.66666666666667, "coverage": 91.46191646191646}