{"branches": 60.84905660377359, "coverage": 69.22322960058808}