{"branches": 88.37209302325581, "coverage": 91.74603174603175}