{"branches": 78.44827586206897, "coverage": 85.12998266897746}
