{"branches": 75.65217391304347, "coverage": 84.12256267409471}