{"branches": 89.23076923076924, "coverage": 93.19271332694152}