{"branches": 86.66666666666667, "coverage": 87.86677240285488}