{"branches": 60.245901639344254, "coverage": 66.02578107930958}