{"branches": 82.5503355704698, "coverage": 92.33065442020666}