{"branches": 73.52941176470588, "coverage": 74.45459157787924}