{"branches": 81.53846153846153, "coverage": 90.14084507042254}