{"branches": 84.48275862068965, "coverage": 92.77816171389081}