{"branches": 93.71859296482413, "coverage": 96.67634720877703}