{"branches": 55.78231292517006, "coverage": 74.42639855632895}