{"branches": 88.63636363636364, "coverage": 91.9454770755886}