{"branches": 74.62121212121212, "coverage": 82.21714865550483}