{"branches": 60.99585062240664, "coverage": 66.82883679787705}