{"branches": 79.22912205567452, "coverage": 92.05810480586479}