{"branches": 93.71859296482413, "coverage": 97.09886547811993}