{"branches": 81.42414860681114, "coverage": 90.77412513255567}