{"branches": 87.20930232558139, "coverage": 90.43367346938776}