{"branches": 82.2429906542056, "coverage": 90.12076816471986}