{"branches": 71.5909090909091, "coverage": 68.69409660107334}