{"branches": 79.76190476190477, "coverage": 91.65698595416623}