{"branches": 81.42414860681114, "coverage": 89.44618599791013}