{"branches": 30.326295585412666, "coverage": 39.89749123280281}