{"branches": 82.5503355704698, "coverage": 92.92694276407632}