{"branches": 85.33333333333334, "coverage": 86.99444885011896}