{"branches": 71.64179104477611, "coverage": 68.66716679169792}