{"branches": 92.36453201970444, "coverage": 97.20573689416419}