{"branches": 81.98653198653199, "coverage": 92.2168318920059}