{"branches": 81.53846153846153, "coverage": 90.06882989183875}