{"branches": 72.60869565217392, "coverage": 88.68640850417616}