{"branches": 92.10526315789474, "coverage": 86.95652173913044}