{"branches": 92.64705882352942, "coverage": 97.40307692307692}